username,name,email,department_id
emp001,王小明,emp001@company.local,1
emp002,李雅婷,emp002@company.local,2
emp003,陳志豪,emp003@company.local,3
emp004,林佳穎,emp004@company.local,4
emp005,張宇翔,emp005@company.local,5
emp006,黃詩涵,emp006@company.local,6
emp007,吳承恩,emp007@company.local,7
emp008,劉怡君,emp008@company.local,8
emp009,蔡宗翰,emp009@company.local,9
emp010,楊欣怡,emp010@company.local,10
emp011,許庭安,emp011@company.local,1
emp012,鄭佩琪,emp012@company.local,2
emp013,謝明哲,emp013@company.local,3
emp014,洪婉婷,emp014@company.local,4
emp015,郭柏宇,emp015@company.local,5
emp016,曾郁雯,emp016@company.local,6
emp017,邱俊傑,emp017@company.local,7
emp018,賴冠妤,emp018@company.local,8
emp019,蘇柏霖,emp019@company.local,9
emp020,盧宜珊,emp020@company.local,10
emp021,丁子軒,emp021@company.local,1
emp022,宋雨晴,emp022@company.local,2
emp023,魏俊廷,emp023@company.local,3
emp024,鍾佩蓉,emp024@company.local,4
emp025,杜家豪,emp025@company.local,5
emp026,潘語芯,emp026@company.local,6
emp027,韓柏辰,emp027@company.local,7
emp028,顏若彤,emp028@company.local,8
emp029,簡承佑,emp029@company.local,9
emp030,羅安琪,emp030@company.local,10
emp031,侯冠廷,emp031@company.local,1
emp032,江書妤,emp032@company.local,2
emp033,傅智凱,emp033@company.local,3
emp034,彭心妍,emp034@company.local,4
emp035,沈柏豪,emp035@company.local,5
emp036,呂欣穎,emp036@company.local,6
emp037,溫家銘,emp037@company.local,7
emp038,葉子晴,emp038@company.local,8
emp039,游哲宇,emp039@company.local,9
emp040,廖宥蓁,emp040@company.local,10
emp041,卓彥廷,emp041@company.local,1
emp042,施婕妤,emp042@company.local,2
emp043,康承澤,emp043@company.local,3
emp044,阮依潔,emp044@company.local,4
emp045,葛浩然,emp045@company.local,5
emp046,童若涵,emp046@company.local,6
emp047,伍柏鈞,emp047@company.local,7
emp048,裴欣語,emp048@company.local,8
emp049,藍靖恩,emp049@company.local,9
emp050,顧心怡,emp050@company.local,10
